Cycle,Time,Traditional Scenario,Num Autonomous Bikes,Autonomous Bikes Battery Life,AB PickUp Speed,Num Cars,Agent,Trip Served,Mode,Wait Time (min),Departure Time,Arrival Time,Duration (min),Origin [lat],Origin [lon],Destination [lat],Destination [lon],Distance (m)
1702,00:56:44,false,10,35000.0,2.2222222222222223,0,package0,true,1,5.9,00:26:56,00:56:44,29.8,-71.086885,42.37212699999988,-71.12392810591183,42.388292994269825,3572.407063507447
2068,01:08:56,false,10,35000.0,2.2222222222222223,0,package1,true,1,7.733333333333333,01:06:46,01:08:56,2.1666666666666665,-71.11851899999999,42.37028199999989,-71.11994,42.37206899999988,245.02946860035706
2185,01:12:50,false,10,35000.0,2.2222222222222223,0,package2,true,1,6.666666666666667,01:05:42,01:12:50,7.133333333333334,-71.119396,42.37309199999988,-71.113837,42.37768999999988,744.5826635334597
6738,03:44:36,false,10,35000.0,2.2222222222222223,0,package3,true,1,9.066666666666666,03:38:06,03:44:36,6.5,-71.109872,42.36911099999988,-71.11631324605207,42.37241865360796,792.4082112298787
8407,04:40:14,false,10,35000.0,2.2222222222222223,0,package4,true,1,3.2666666666666666,04:31:18,04:40:14,8.933333333333334,-71.120337,42.389246999999884,-71.12309320793717,42.38225684188844,831.0074935570913
8931,04:57:42,false,10,35000.0,2.2222222222222223,0,package5,true,1,4.266666666666667,04:50:18,04:57:42,7.4,-71.102333,42.36434299999986,-71.10748925917198,42.357586756743466,919.8938848750672
9835,05:27:50,false,10,35000.0,2.2222222222222223,0,package8,true,1,3.066666666666667,05:11:06,05:27:50,16.733333333333334,-71.121151,42.37418899999989,-71.1108903,42.359209899999875,1906.2626410251062
9847,05:28:14,false,10,35000.0,2.2222222222222223,0,package7,true,1,0.8333333333333334,05:02:52,05:28:14,25.366666666666667,-71.116945,42.37270799999988,-71.08187540803797,42.372206568575464,2932.689460788504
10026,05:34:12,false,10,35000.0,2.2222222222222223,0,package6,true,1,13.933333333333334,05:10:58,05:34:12,23.233333333333334,-71.075326,42.368018999999876,-71.10507469089406,42.36266151562827,2612.31011691558
10164,05:38:48,false,10,35000.0,2.2222222222222223,0,package10,true,1,12.5,05:35:32,05:38:48,3.2666666666666666,-71.09047,42.36164899999987,-71.0876848536742,42.36321885202476,461.7569288167385
10205,05:40:10,false,10,35000.0,2.2222222222222223,0,package9,true,1,13.333333333333334,05:33:22,05:40:10,6.8,-71.095093,42.37315399999987,-71.09801169746027,42.37073626287468,700.0976099985592
10296,05:43:12,false,10,35000.0,2.2222222222222223,0,package13,true,1,7.766666666666667,05:41:48,05:43:12,1.4,-71.116945,42.37270799999988,-71.11631324605207,42.37241865360796,131.19062653062053
10328,05:44:16,false,10,35000.0,2.2222222222222223,0,package11,true,1,10.266666666666667,05:38:18,05:44:16,5.966666666666667,-71.095093,42.37315399999987,-71.09937807321928,42.37015937794567,689.8370024718132
10499,05:49:58,false,10,35000.0,2.2222222222222223,0,package12,true,1,15.033333333333333,05:45:04,05:49:58,4.9,-71.09047,42.36164899999987,-71.08743,42.360622999999876,472.27501136883564
10596,05:53:12,false,10,35000.0,2.2222222222222223,0,package18,true,1,3.066666666666667,05:47:06,05:53:12,6.1,-71.09047,42.36164899999987,-71.09384525746042,42.35731286087455,684.2537750985305
10740,05:58:00,false,10,35000.0,2.2222222222222223,0,package19,true,1,4.833333333333333,05:49:52,05:58:00,8.133333333333333,-71.095093,42.37315399999987,-71.0961805615228,42.36580942545719,997.7501226866794
10753,05:58:26,false,10,35000.0,2.2222222222222223,0,package14,true,1,12.2,05:48:14,05:58:26,10.2,-71.095093,42.37315399999987,-71.10712890649259,42.369591906262954,1150.3451007168774
10807,06:00:14,false,10,35000.0,2.2222222222222223,0,package20,true,1,7.1,05:57:08,06:00:14,3.1,-71.096228,42.36132899999988,-71.09995580788264,42.36284920658887,391.31370454172213
10970,06:05:40,false,10,35000.0,2.2222222222222223,0,package24,true,1,6.9,05:58:56,06:05:40,6.733333333333333,-71.09047,42.36164899999987,-71.08403299999999,42.36430499999988,790.2106440810712
10985,06:06:10,false,10,35000.0,2.2222222222222223,0,package15,true,1,20.566666666666666,05:58:36,06:06:10,7.566666666666666,-71.095093,42.37315399999987,-71.08906396371064,42.368771159593265,788.085883142413
11108,06:10:16,false,10,35000.0,2.2222222222222223,0,package21,true,1,14.466666666666667,06:05:30,06:10:16,4.766666666666667,-71.08203500000002,42.36451199999987,-71.0861518,42.36727539999986,483.25504537539837
11236,06:14:32,false,10,35000.0,2.2222222222222223,0,package27,true,1,19.066666666666666,06:13:06,06:14:32,1.4333333333333333,-71.08203500000002,42.36451199999987,-71.081379,42.364368999999876,105.69875945428646
11299,06:16:38,false,10,35000.0,2.2222222222222223,0,package31,true,1,12.333333333333334,06:15:22,06:16:38,1.2666666666666666,-71.08259,42.36490999999987,-71.08192419192879,42.36602282408538,159.83687730650792
11333,06:17:46,false,10,35000.0,2.2222222222222223,0,package16,true,1,31.133333333333333,06:09:10,06:17:46,8.6,-71.09047,42.36164899999987,-71.082562,42.365951999999865,1041.7194727697706
11344,06:18:08,false,10,35000.0,2.2222222222222223,0,package17,true,1,31.5,06:09:32,06:18:08,8.6,-71.09047,42.36164899999987,-71.082562,42.365951999999865,1041.7194727697706
11401,06:20:02,false,10,35000.0,2.2222222222222223,0,package22,true,1,26.533333333333335,06:17:34,06:20:02,2.466666666666667,-71.07982,42.372245999999876,-71.07753522467306,42.37180641535293,277.0516925573418
11416,06:20:32,false,10,35000.0,2.2222222222222223,0,package26,true,1,14.566666666666666,06:08:36,06:20:32,11.933333333333334,-71.095093,42.37315399999987,-71.08357027180823,42.36852678416375,1251.0367616210206
11616,06:27:12,false,10,35000.0,2.2222222222222223,0,package34,true,1,12.3,06:23:20,06:27:12,3.8666666666666667,-71.083318,42.37128099999988,-71.08160981849095,42.368220244450875,387.16222678872185
11884,06:36:08,false,10,35000.0,2.2222222222222223,0,package32,true,1,18.766666666666666,06:24:48,06:36:08,11.333333333333334,-71.09047,42.36164899999987,-71.103274,42.354987999999885,1329.7944172269022
11926,06:37:32,false,10,35000.0,2.2222222222222223,0,package36,true,1,16.766666666666666,06:35:48,06:37:32,1.7333333333333334,-71.10085699999999,42.36402499999988,-71.099631,42.36357899999989,154.9103271090131
12052,06:41:44,false,10,35000.0,2.2222222222222223,0,package30,true,1,14.633333333333333,06:16:40,06:41:44,25.066666666666666,-71.08247,42.363322999999895,-71.11301374746243,42.35840397355081,2752.101498083049
12060,06:42:00,false,10,35000.0,2.2222222222222223,0,package28,true,1,17.1,06:18:08,06:42:00,23.866666666666667,-71.103734,42.365674999999875,-71.13205575888934,42.381922062201426,2977.4978288054144
12116,06:43:52,false,10,35000.0,2.2222222222222223,0,package29,true,1,35.166666666666664,06:37:12,06:43:52,6.666666666666667,-71.11823199999999,42.38838799999988,-71.11244918435035,42.3821615527478,864.9930749628223
12152,06:45:04,false,10,35000.0,2.2222222222222223,0,package33,true,1,34.96666666666667,06:45:00,06:45:04,0.06666666666666667,-71.120423,42.37202699999988,-71.11994,42.37206899999988,48.18097637980216
12164,06:45:28,false,10,35000.0,2.2222222222222223,0,package23,true,1,40.06666666666667,06:32:06,06:45:28,13.366666666666667,-71.08203500000002,42.36451199999987,-71.097672,42.36956499999988,1464.8087462789924
12202,06:46:44,false,10,35000.0,2.2222222222222223,0,package35,true,1,7.833333333333333,06:22:52,06:46:44,23.866666666666667,-71.075408,42.37195999999987,-71.104452,42.36563099999987,2527.8235438377783
12265,06:48:50,false,10,35000.0,2.2222222222222223,0,package25,true,1,30.233333333333334,06:24:16,06:48:50,24.566666666666666,-71.119372,42.38941499999988,-71.13475799999999,42.373949999999866,2342.486213993715
12401,06:53:22,false,10,35000.0,2.2222222222222223,0,package44,true,1,26.866666666666667,06:51:54,06:53:22,1.4666666666666666,-71.1114,42.36962799999989,-71.1131418,42.36995179999989,196.786817989578
12649,07:01:38,false,10,35000.0,2.2222222222222223,0,package38,true,1,39.56666666666667,06:58:36,07:01:38,3.033333333333333,-71.07982,42.372245999999876,-71.08106080687463,42.36996724548553,350.59749138542963
12822,07:07:24,false,10,35000.0,2.2222222222222223,0,package45,true,1,38.8,07:03:50,07:07:24,3.566666666666667,-71.118965,42.373370999999885,-71.117438,42.371218999999876,354.5232344332372
12827,07:07:34,false,10,35000.0,2.2222222222222223,0,package46,true,1,38.766666666666666,07:05:48,07:07:34,1.7666666666666666,-71.1114,42.36962799999989,-71.11003869562896,42.37038224387264,190.48263533199685
12845,07:08:10,false,10,35000.0,2.2222222222222223,0,package39,true,1,34.166666666666664,06:53:12,07:08:10,14.966666666666667,-71.118965,42.373370999999885,-71.0981302081539,42.36959949085267,1788.5336026710502
12929,07:10:58,false,10,35000.0,2.2222222222222223,0,package47,true,1,30.166666666666668,06:58:12,07:10:58,12.766666666666667,-71.118965,42.373370999999885,-71.10275899999999,42.36517799999989,1631.0028480546862
13119,07:17:18,false,10,35000.0,2.2222222222222223,0,package43,true,1,50.0,07:15:02,07:17:18,2.2666666666666666,-71.077794,42.36981699999988,-71.0773,42.37058199999989,148.86398655168264
13249,07:21:38,false,10,35000.0,2.2222222222222223,0,package37,true,1,38.8,06:57:50,07:21:38,23.8,-71.11823199999999,42.38838799999988,-71.09647904322009,42.366674525000334,3024.131841371541
13249,07:21:38,false,10,35000.0,2.2222222222222223,0,package41,true,1,32.8,06:55:50,07:21:38,25.8,-71.118965,42.373370999999885,-71.15363739122618,42.37867488624446,3000.402596878389
13366,07:25:32,false,10,35000.0,2.2222222222222223,0,package42,true,1,37.56666666666667,07:00:36,07:25:32,24.933333333333334,-71.118965,42.373370999999885,-71.15206778509447,42.37703553560737,2947.0180285134534
13445,07:28:10,false,10,35000.0,2.2222222222222223,0,package52,true,1,45.06666666666667,07:19:06,07:28:10,9.066666666666666,-71.1114,42.36962799999989,-71.10385713609077,42.37289438187524,865.8135293743518
13518,07:30:36,false,10,35000.0,2.2222222222222223,0,package40,true,1,60.36666666666667,07:23:24,07:30:36,7.2,-71.071562,42.367712999999895,-71.07850063191331,42.366242412403096,803.930468657746
13577,07:32:34,false,10,35000.0,2.2222222222222223,0,package53,true,1,52.733333333333334,07:27:46,07:32:34,4.8,-71.087304,42.362206999999884,-71.090546,42.36188899999986,482.62021631018496
13725,07:37:30,false,10,35000.0,2.2222222222222223,0,package50,true,1,61.13333333333333,07:33:10,07:37:30,4.333333333333333,-71.149096,42.37545099999986,-71.14984064934278,42.37846105462302,491.21488330087493
13823,07:40:46,false,10,35000.0,2.2222222222222223,0,package54,true,1,59.8,07:36:50,07:40:46,3.933333333333333,-71.07982,42.372245999999876,-71.07877301616251,42.372997396889744,225.88849355734115
13966,07:45:32,false,10,35000.0,2.2222222222222223,0,package60,true,1,54.733333333333334,07:41:46,07:45:32,3.7666666666666666,-71.149096,42.37545099999986,-71.15295963572841,42.37634381172374,435.9195304771021
13968,07:45:36,false,10,35000.0,2.2222222222222223,0,package49,true,1,71.0,07:41:02,07:45:36,4.566666666666666,-71.06882399999999,42.36985899999988,-71.07410300000001,42.37171299999988,549.898927564703
13991,07:46:22,false,10,35000.0,2.2222222222222223,0,package51,true,1,47.3,07:20:20,07:46:22,26.033333333333335,-71.083318,42.37128099999988,-71.11943000000001,42.37239899999986,3047.4744629349248
14086,07:49:32,false,10,35000.0,2.2222222222222223,0,package48,true,1,51.53333333333333,07:20:34,07:49:32,28.966666666666665,-71.103734,42.365674999999875,-71.1207875750093,42.39253323977127,3309.2637812245216
14375,07:59:10,false,10,35000.0,2.2222222222222223,0,package58,true,1,74.46666666666667,07:57:30,07:59:10,1.6666666666666667,-71.11647099999999,42.37132899999988,-71.11631324605207,42.37241865360796,156.1116393652023
14378,07:59:16,false,10,35000.0,2.2222222222222223,0,package59,true,1,57.7,07:41:44,07:59:16,17.533333333333335,-71.07826899999999,42.36611799999987,-71.10168943871713,42.37145868750906,2035.3021060838487
14422,08:00:44,false,10,35000.0,2.2222222222222223,0,package62,true,1,67.2,07:56:14,08:00:44,4.5,-71.08259,42.36490999999987,-71.077299,42.366418999999865,467.810403567639
14466,08:02:12,false,10,35000.0,2.2222222222222223,0,package63,true,1,70.73333333333333,08:00:46,08:02:12,1.4333333333333333,-71.09047,42.36164899999987,-71.090546,42.36188899999986,189.1473275534395
14638,08:07:56,false,10,35000.0,2.2222222222222223,0,package55,true,1,66.3,07:46:20,08:07:56,21.6,-71.119949,42.38191999999986,-71.10456900000001,42.36319099999989,2464.1302824198633
14777,08:12:34,false,10,35000.0,2.2222222222222223,0,package57,true,1,65.16666666666667,07:47:12,08:12:34,25.366666666666667,-71.075402,42.37193799999988,-71.09635899999999,42.35876399999987,2674.373283288077
14787,08:12:54,false,10,35000.0,2.2222222222222223,0,package66,true,1,76.13333333333334,08:09:10,08:12:54,3.7333333333333334,-71.103734,42.365674999999875,-71.10141899999999,42.36970699999988,488.79202103484977
14829,08:14:18,false,10,35000.0,2.2222222222222223,0,package61,true,1,84.73333333333333,08:12:46,08:14:18,1.5333333333333334,-71.1114,42.36962799999989,-71.1103950851475,42.3702466054444,197.64106325641404
14948,08:18:16,false,10,35000.0,2.2222222222222223,0,package64,true,1,62.9,07:54:56,08:18:16,23.333333333333332,-71.119949,42.38191999999986,-71.08959899999999,42.37237999999988,2811.7134576026474
15088,08:22:56,false,10,35000.0,2.2222222222222223,0,package72,true,1,80.5,08:18:32,08:22:56,4.4,-71.10085699999999,42.36402499999988,-71.096228,42.36132899999988,572.6008255585124
15089,08:22:58,false,10,35000.0,2.2222222222222223,0,package56,true,1,70.1,07:52:08,08:22:58,30.833333333333332,-71.11823199999999,42.38838799999988,-71.082562,42.365951999999865,3904.7673283794634
15112,08:23:44,false,10,35000.0,2.2222222222222223,0,package67,true,1,83.36666666666666,08:17:24,08:23:44,6.333333333333333,-71.11823199999999,42.38838799999988,-71.12352517184414,42.391860802365834,783.0894628042531
15249,08:28:18,false,10,35000.0,2.2222222222222223,0,package69,true,1,81.93333333333334,08:17:58,08:28:18,10.333333333333334,-71.075408,42.37195999999987,-71.081379,42.364368999999876,1032.7701268102935
15368,08:32:16,false,10,35000.0,2.2222222222222223,0,package65,true,1,95.33333333333333,08:27:22,08:32:16,4.9,-71.09047,42.36164899999987,-71.08743,42.360622999999876,472.27501136883564
15483,08:36:06,false,10,35000.0,2.2222222222222223,0,package73,true,1,90.96666666666667,08:30:00,08:36:06,6.1,-71.09047,42.36164899999987,-71.09384525746042,42.35731286087455,684.2537750985305
15508,08:36:56,false,10,35000.0,2.2222222222222223,0,package68,true,1,98.56666666666666,08:33:36,08:36:56,3.3333333333333335,-71.11823199999999,42.38838799999988,-71.11829200000003,42.389997999999885,387.6825807427894
15549,08:38:18,false,10,35000.0,2.2222222222222223,0,package75,true,1,92.36666666666666,08:32:24,08:38:18,5.9,-71.09388,42.36278199999988,-71.1004414065042,42.365078310153514,741.3856295113211
15778,08:45:56,false,10,35000.0,2.2222222222222223,0,package71,true,1,94.06666666666666,08:31:06,08:45:56,14.833333333333334,-71.119949,42.38191999999986,-71.110752,42.369344999999875,1642.9314070249352
15790,08:46:20,false,10,35000.0,2.2222222222222223,0,package76,true,1,92.46666666666667,08:33:30,08:46:20,12.833333333333334,-71.119949,42.38191999999986,-71.12538466370042,42.39091868234668,1221.7626172783894
15898,08:49:56,false,10,35000.0,2.2222222222222223,0,package82,true,1,104.3,08:47:20,08:49:56,2.6,-71.111874,42.369724999999875,-71.11053145184587,42.37072942073192,220.3913963601599
16036,08:54:32,false,10,35000.0,2.2222222222222223,0,package80,true,1,105.03333333333333,08:48:04,08:54:32,6.466666666666667,-71.105366,42.366068999999875,-71.10854491646249,42.36033465613067,715.3776717164521
16176,08:59:12,false,10,35000.0,2.2222222222222223,0,package83,true,1,108.66666666666667,08:51:42,08:59:12,7.5,-71.117852,42.37248399999987,-71.123497,42.37852899999989,905.5909872584555
16199,08:59:58,false,10,35000.0,2.2222222222222223,0,package77,true,1,110.9,08:51:56,08:59:58,8.033333333333333,-71.11983000000001,42.38448799999988,-71.1242533263425,42.390835542772585,798.7132510615452
16210,09:00:20,false,10,35000.0,2.2222222222222223,0,package79,true,1,111.53333333333333,08:54:34,09:00:20,5.766666666666667,-71.117852,42.37248399999987,-71.114152,42.37402899999987,513.5254862543567
16273,09:02:26,false,10,35000.0,2.2222222222222223,0,package70,true,1,104.76666666666667,08:41:48,09:02:26,20.633333333333333,-71.11823199999999,42.38838799999988,-71.09994421431794,42.36957923614499,2638.572588562373
16448,09:08:16,false,10,35000.0,2.2222222222222223,0,package85,true,1,113.73333333333333,08:57:46,09:08:16,10.5,-71.11983000000001,42.38448799999988,-71.12620615650636,42.39073079383174,927.6009066265096
16456,09:08:32,false,10,35000.0,2.2222222222222223,0,package78,true,1,122.0,09:03:02,09:08:32,5.5,-71.118227,42.390042999999885,-71.11989319338319,42.38672201408617,554.6966497908162
16520,09:10:40,false,10,35000.0,2.2222222222222223,0,package84,true,1,121.73333333333333,09:05:46,09:10:40,4.9,-71.09047,42.36164899999987,-71.08743,42.360622999999876,472.27501136883564
16528,09:10:56,false,10,35000.0,2.2222222222222223,0,package74,true,1,91.0,08:31:02,09:10:56,39.9,-71.075408,42.37195999999987,-71.12616934126784,42.38638180485225,4550.295504488786
16669,09:15:38,false,10,35000.0,2.2222222222222223,0,package90,true,1,122.53333333333333,09:08:34,09:15:38,7.066666666666666,-71.105366,42.366068999999875,-71.11086504128659,42.36041364532208,825.6733068186878
16749,09:18:18,false,10,35000.0,2.2222222222222223,0,package88,true,1,124.06666666666666,09:09:06,09:18:18,9.2,-71.11983000000001,42.38448799999988,-71.12459075067973,42.39165921427135,902.5855620044721
16814,09:20:28,false,10,35000.0,2.2222222222222223,0,package87,true,1,126.23333333333333,09:11:16,09:20:28,9.2,-71.11983000000001,42.38448799999988,-71.12459075067973,42.39165921427135,902.5855620044721
16903,09:23:26,false,10,35000.0,2.2222222222222223,0,package91,true,1,133.13333333333333,09:21:10,09:23:26,2.2666666666666666,-71.120631,42.371776999999874,-71.118256,42.372006999999876,237.6578833965639
16998,09:26:36,false,10,35000.0,2.2222222222222223,0,package95,true,1,131.16666666666666,09:21:12,09:26:36,5.4,-71.10427299999999,42.35774499999989,-71.10963105506094,42.35793571809183,531.4084487898667
16999,09:26:38,false,10,35000.0,2.2222222222222223,0,package93,true,1,124.4,09:13:26,09:26:38,13.2,-71.09047,42.36164899999987,-71.10823351327,42.35894005041445,1537.897237013443
17151,09:31:42,false,10,35000.0,2.2222222222222223,0,package86,true,1,136.73333333333332,09:21:46,09:31:42,9.933333333333334,-71.119577,42.386093999999886,-71.12622474387281,42.39202508903434,904.0579199326448
17162,09:32:04,false,10,35000.0,2.2222222222222223,0,package89,true,1,121.5,09:07:32,09:32:04,24.533333333333335,-71.11983000000001,42.38448799999988,-71.10046657774024,42.36435779487629,2829.5215765698026
17501,09:43:22,false,10,35000.0,2.2222222222222223,0,package94,true,1,151.86666666666667,09:40:54,09:43:22,2.466666666666667,-71.090294,42.36795799999989,-71.08969194188423,42.370920749687784,396.7203679406681
17504,09:43:28,false,10,35000.0,2.2222222222222223,0,package99,true,1,145.56666666666666,09:37:36,09:43:28,5.866666666666666,-71.09388,42.36278199999988,-71.1005865833299,42.364292623799905,690.357765472074
17629,09:47:38,false,10,35000.0,2.2222222222222223,0,package81,true,1,126.93333333333334,09:09:58,09:47:38,37.666666666666664,-71.07982,42.372245999999876,-71.128111,42.38542799999989,4309.374025400669
17841,09:54:42,false,10,35000.0,2.2222222222222223,0,package92,true,1,158.03333333333333,09:46:04,09:54:42,8.633333333333333,-71.09474399999999,42.35906599999986,-71.09917866234348,42.36594338428711,983.4199206507697
17925,09:57:30,false,10,35000.0,2.2222222222222223,0,package104,true,1,156.56666666666666,09:52:36,09:57:30,4.9,-71.09047,42.36164899999987,-71.08743,42.360622999999876,472.27501136883564
17937,09:57:54,false,10,35000.0,2.2222222222222223,0,package100,true,1,147.03333333333333,09:39:04,09:57:54,18.833333333333332,-71.09388,42.36278199999988,-71.07327511953629,42.36991780876925,2026.451137945117
17993,09:59:46,false,10,35000.0,2.2222222222222223,0,package97,true,1,163.83333333333334,09:54:52,09:59:46,4.9,-71.09047,42.36164899999987,-71.08743,42.360622999999876,472.27501136883564
18016,10:00:32,false,10,35000.0,2.2222222222222223,0,package102,true,1,152.5,09:45:32,10:00:32,15.0,-71.117852,42.37248399999987,-71.13445477146851,42.38375114642681,1862.127518495896
18397,10:13:14,false,10,35000.0,2.2222222222222223,0,package101,true,1,162.1,09:55:08,10:13:14,18.1,-71.099827,42.37339999999987,-71.106431,42.35723299999988,1972.6781416563977
18602,10:20:04,false,10,35000.0,2.2222222222222223,0,package109,true,1,172.03333333333333,10:10:04,10:20:04,10.0,-71.102423,42.36502799999988,-71.09384525746042,42.35731286087455,1239.2969483451293
18618,10:20:36,false,10,35000.0,2.2222222222222223,0,package103,true,1,153.5,09:48:32,10:20:36,32.06666666666667,-71.096565,42.360788999999876,-71.119745,42.38939399999989,3822.3865092845604
18668,10:22:16,false,10,35000.0,2.2222222222222223,0,package96,true,1,166.86666666666667,09:56:54,10:22:16,25.366666666666667,-71.075408,42.37195999999987,-71.10667360731244,42.366770319991865,2713.2260135638003
18783,10:26:06,false,10,35000.0,2.2222222222222223,0,package98,true,1,148.03333333333333,09:40:04,10:26:06,46.03333333333333,-71.10427299999999,42.35774499999989,-71.1334448878442,42.40176833110228,5478.920088301868
18822,10:27:24,false,10,35000.0,2.2222222222222223,0,package110,true,1,175.43333333333334,10:14:28,10:27:24,12.933333333333334,-71.118977,42.37244099999987,-71.1027608633143,42.37272015878186,1429.6921742196485
18878,10:29:16,false,10,35000.0,2.2222222222222223,0,package106,true,1,160.53333333333333,09:57:34,10:29:16,31.7,-71.102423,42.36502799999988,-71.147683,42.377583999999885,4024.856297136309
18887,10:29:34,false,10,35000.0,2.2222222222222223,0,package107,true,1,192.1,10:29:08,10:29:34,0.43333333333333335,-71.119548,42.38936199999989,-71.11968545215656,42.38944898172172,63.224606827252416
18960,10:32:00,false,10,35000.0,2.2222222222222223,0,package108,true,1,183.96666666666667,10:22:00,10:32:00,10.0,-71.102423,42.36502799999988,-71.09384525746042,42.35731286087455,1239.2969483451293
19007,10:33:34,false,10,35000.0,2.2222222222222223,0,package105,true,1,189.86666666666667,10:25:54,10:33:34,7.666666666666667,-71.08233299999999,42.36524399999988,-71.09004,42.368642999999885,835.7786430258727
19063,10:35:26,false,10,35000.0,2.2222222222222223,0,package111,true,1,191.5,10:30:32,10:35:26,4.9,-71.117852,42.37248399999987,-71.1207624146127,42.374864236774414,432.0485327606517
19443,10:48:06,false,10,35000.0,2.2222222222222223,0,package112,true,1,203.13333333333333,10:42:10,10:48:06,5.933333333333334,-71.118977,42.37244099999987,-71.12039240000001,42.37881629999987,766.0171368600564
19472,10:49:04,false,10,35000.0,2.2222222222222223,0,package121,true,1,199.16666666666666,10:42:12,10:49:04,6.866666666666666,-71.09047,42.36164899999987,-71.082109,42.36293399999988,896.2735923626658
19638,10:54:36,false,10,35000.0,2.2222222222222223,0,package119,true,1,211.8,10:52:50,10:54:36,1.7666666666666666,-71.149096,42.37545099999986,-71.14779387986134,42.375860988802295,242.72262291460763
19703,10:56:46,false,10,35000.0,2.2222222222222223,0,package118,true,1,204.86666666666667,10:44:54,10:56:46,11.866666666666667,-71.120423,42.37202699999988,-71.1079494454736,42.37674902533909,1191.000279625369
19967,11:05:34,false,10,35000.0,2.2222222222222223,0,package115,true,1,204.26666666666668,10:43:18,11:05:34,22.266666666666666,-71.08233299999999,42.36524399999988,-71.1108903,42.359209899999875,2467.977372359443
20145,11:11:30,false,10,35000.0,2.2222222222222223,0,package113,true,1,207.4,10:46:26,11:11:30,25.066666666666666,-71.118227,42.390042999999885,-71.1462729853255,42.37722676959502,2840.4731734713237
20225,11:14:10,false,10,35000.0,2.2222222222222223,0,package114,true,1,216.6,10:55:38,11:14:10,18.533333333333335,-71.08233299999999,42.36524399999988,-71.10638216068621,42.35740159939319,2181.8684028346247
20258,11:15:16,false,10,35000.0,2.2222222222222223,0,package125,true,1,227.96666666666667,11:13:00,11:15:16,2.2666666666666666,-71.084037,42.37174999999987,-71.08611199163238,42.37245599902493,290.38230593309913
20353,11:18:26,false,10,35000.0,2.2222222222222223,0,package122,true,1,232.86666666666667,11:16:54,11:18:26,1.5333333333333334,-71.08233299999999,42.36524399999988,-71.082562,42.365951999999865,169.31764646412032
20399,11:19:58,false,10,35000.0,2.2222222222222223,0,package117,true,1,229.9,11:08:56,11:19:58,11.033333333333333,-71.09047,42.36164899999987,-71.1059263827172,42.35757767101736,1363.7663632890344
20545,11:24:50,false,10,35000.0,2.2222222222222223,0,package123,true,1,237.3,11:21:20,11:24:50,3.5,-71.11983000000001,42.38448799999988,-71.120062,42.38244899999987,320.60040750062694
20561,11:25:22,false,10,35000.0,2.2222222222222223,0,package128,true,1,236.13333333333333,11:22:10,11:25:22,3.2,-71.102423,42.36502799999988,-71.0998704,42.362836899999884,407.3958946634479
20755,11:31:50,false,10,35000.0,2.2222222222222223,0,package116,true,1,233.93333333333334,11:12:58,11:31:50,18.866666666666667,-71.08233299999999,42.36524399999988,-71.103274,42.354987999999885,2084.91302262323
20872,11:35:44,false,10,35000.0,2.2222222222222223,0,package130,true,1,241.8,11:27:50,11:35:44,7.9,-71.102423,42.36502799999988,-71.1131418,42.36995179999989,1057.6326859029698
20910,11:37:00,false,10,35000.0,2.2222222222222223,0,package124,true,1,235.66666666666666,11:20:42,11:37:00,16.3,-71.119548,42.38936199999989,-71.10699,42.37535199999988,1940.9310748267303
20927,11:37:34,false,10,35000.0,2.2222222222222223,0,package120,true,1,211.36666666666667,10:52:24,11:37:34,45.166666666666664,-71.07982,42.372245999999876,-71.133083,42.39864099999989,5418.756203436219
21023,11:40:46,false,10,35000.0,2.2222222222222223,0,package127,true,1,243.13333333333333,11:29:10,11:40:46,11.6,-71.120423,42.37202699999988,-71.10910822415177,42.37619555745091,1092.0749345426634
21109,11:43:38,false,10,35000.0,2.2222222222222223,0,package126,true,1,236.96666666666667,11:22:00,11:43:38,21.633333333333333,-71.121151,42.37418899999989,-71.15224963077421,42.37578268372367,2718.8664876001512
21172,11:45:44,false,10,35000.0,2.2222222222222223,0,package131,true,1,249.43333333333334,11:35:28,11:45:44,10.266666666666667,-71.102423,42.36502799999988,-71.11081269259202,42.372703295343044,1174.4455712428608
21222,11:47:24,false,10,35000.0,2.2222222222222223,0,package129,true,1,245.16666666666666,11:31:12,11:47:24,16.2,-71.102423,42.36502799999988,-71.08611199163238,42.37245599902493,1735.6741463957494
21292,11:49:44,false,10,35000.0,2.2222222222222223,0,package133,true,1,253.8,11:40:50,11:49:44,8.9,-71.120423,42.37202699999988,-71.10817530380983,42.368527611065105,1107.9264973952972
21379,11:52:38,false,10,35000.0,2.2222222222222223,0,package132,true,1,258.7,11:44:44,11:52:38,7.9,-71.102423,42.36502799999988,-71.1131418,42.36995179999989,1057.6326859029698
21523,11:57:26,false,10,35000.0,2.2222222222222223,0,package135,true,1,262.06666666666666,11:49:06,11:57:26,8.333333333333334,-71.096565,42.360788999999876,-71.10705773252357,42.357603898675094,972.9989450130262
21602,12:00:04,false,10,35000.0,2.2222222222222223,0,package134,true,1,256.8,11:43:50,12:00:04,16.233333333333334,-71.09388,42.36278199999988,-71.0773,42.37058199999989,1719.1466434774181
21650,12:01:40,false,10,35000.0,2.2222222222222223,0,package137,true,1,262.8333333333333,11:49:52,12:01:40,11.8,-71.119949,42.38191999999986,-71.10971221366887,42.37507906799986,1240.5829891954932
21795,12:06:30,false,10,35000.0,2.2222222222222223,0,package139,true,1,268.5,11:57:32,12:06:30,8.966666666666667,-71.102423,42.36502799999988,-71.1069790722962,42.356976561646924,1019.5169553981898
21973,12:12:26,false,10,35000.0,2.2222222222222223,0,package146,true,1,280.1333333333333,12:12:10,12:12:26,0.26666666666666666,-71.09784300000001,42.36794699999987,-71.09776564442946,42.36829326453021,39.78227877654029
21980,12:12:40,false,10,35000.0,2.2222222222222223,0,package138,true,1,284.0,12:11:02,12:12:40,1.6333333333333333,-71.075408,42.37195999999987,-71.07410300000001,42.37171299999988,204.3851047957555
22086,12:16:12,false,10,35000.0,2.2222222222222223,0,package144,true,1,276.1333333333333,12:07:10,12:16:12,9.033333333333333,-71.105366,42.366068999999875,-71.1090438676582,42.35895332019258,940.4597518312629
22388,12:26:16,false,10,35000.0,2.2222222222222223,0,package140,true,1,288.9,12:17:56,12:26:16,8.333333333333334,-71.102423,42.36502799999988,-71.1059263827172,42.35757767101736,900.7349922743837
22412,12:27:04,false,10,35000.0,2.2222222222222223,0,package147,true,1,284.8666666666667,12:16:54,12:27:04,10.166666666666666,-71.09388,42.36278199999988,-71.081379,42.364368999999876,1153.6211501624755
22479,12:29:18,false,10,35000.0,2.2222222222222223,0,package145,true,1,290.1,12:21:08,12:29:18,8.166666666666666,-71.105366,42.366068999999875,-71.10849876106991,42.35906830675436,848.2105701518326
22481,12:29:22,false,10,35000.0,2.2222222222222223,0,package142,true,1,272.8666666666667,12:02:54,12:29:22,26.466666666666665,-71.09047,42.36164899999987,-71.12039240000001,42.37881629999987,3159.438635736561
22495,12:29:50,false,10,35000.0,2.2222222222222223,0,package136,true,1,292.7,12:19:44,12:29:50,10.1,-71.096565,42.360788999999876,-71.10904105919019,42.35609747851337,1179.7591183220848
22683,12:36:06,false,10,35000.0,2.2222222222222223,0,package141,true,1,272.7,12:02:44,12:36:06,33.36666666666667,-71.09047,42.36164899999987,-71.12208503544895,42.388601812933054,3992.2276407950403
22720,12:37:20,false,10,35000.0,2.2222222222222223,0,package143,true,1,285.03333333333336,12:15:04,12:37:20,22.266666666666666,-71.08233299999999,42.36524399999988,-71.1108903,42.359209899999875,2467.977372359443
22733,12:37:46,false,10,35000.0,2.2222222222222223,0,package148,true,1,303.76666666666665,12:35:48,12:37:46,1.9666666666666666,-71.100716,42.36333499999987,-71.10243689821989,42.36332159109354,233.3254725445954
22763,12:38:46,false,10,35000.0,2.2222222222222223,0,package149,true,1,288.1666666666667,12:21:12,12:38:46,17.566666666666666,-71.09047,42.36164899999987,-71.07877301616251,42.372997396889744,1814.302438886736
22846,12:41:32,false,10,35000.0,2.2222222222222223,0,package151,true,1,298.8666666666667,12:32:54,12:41:32,8.633333333333333,-71.096565,42.360788999999876,-71.094321,42.360184999999866,774.295585961481
22894,12:43:08,false,10,35000.0,2.2222222222222223,0,package150,true,1,305.3666666666667,12:39:24,12:43:08,3.7333333333333334,-71.107261,42.37794599999987,-71.11049484960986,42.37804541743917,449.46756922663997
23083,12:49:26,false,10,35000.0,2.2222222222222223,0,package154,true,1,308.0,12:42:02,12:49:26,7.4,-71.09047,42.36164899999987,-71.08273466757198,42.3626362413609,868.7961633890127
23197,12:53:14,false,10,35000.0,2.2222222222222223,0,package155,true,1,316.23333333333335,12:50:16,12:53:14,2.966666666666667,-71.08233299999999,42.36524399999988,-71.082109,42.36293399999988,323.0164792074784
23202,12:53:24,false,10,35000.0,2.2222222222222223,0,package161,true,1,313.8333333333333,12:51:52,12:53:24,1.5333333333333334,-71.08233299999999,42.36524399999988,-71.082562,42.365951999999865,169.31764646412032
23543,13:04:46,false,10,35000.0,2.2222222222222223,0,package162,true,1,316.7,12:55:44,13:04:46,9.033333333333333,-71.09047,42.36164899999987,-71.087029,42.365002999999895,851.3181209870362
23561,13:05:22,false,10,35000.0,2.2222222222222223,0,package152,true,1,321.7,12:55:44,13:05:22,9.633333333333333,-71.121151,42.37418899999989,-71.10924930378154,42.37231411499179,1010.5102872277881
23630,13:07:40,false,10,35000.0,2.2222222222222223,0,package153,true,1,313.2,12:47:14,13:07:40,20.433333333333334,-71.094985,42.37338699999987,-71.11266800000001,42.355947999999884,2491.67751517842
23666,13:08:52,false,10,35000.0,2.2222222222222223,0,package159,true,1,329.8333333333333,13:05:52,13:08:52,3.0,-71.119548,42.38936199999989,-71.12250900631369,42.389783776227844,286.1977607888906
23734,13:11:08,false,10,35000.0,2.2222222222222223,0,package158,true,1,327.93333333333334,13:03:58,13:11:08,7.166666666666667,-71.07982,42.372245999999876,-71.0879078120002,42.370150989249055,749.430281289897
23836,13:14:32,false,10,35000.0,2.2222222222222223,0,package156,true,1,333.1333333333333,13:07:10,13:14:32,7.366666666666666,-71.096565,42.360788999999876,-71.09635899999999,42.35876399999987,514.2934278132469
23913,13:17:06,false,10,35000.0,2.2222222222222223,0,package160,true,1,328.6333333333333,13:05:40,13:17:06,11.433333333333334,-71.09474399999999,42.35906599999986,-71.108007,42.35640899999989,1312.44376491515
23998,13:19:56,false,10,35000.0,2.2222222222222223,0,package157,true,1,331.8666666666667,13:06:54,13:19:56,13.033333333333333,-71.11983000000001,42.38448799999988,-71.12870704250382,42.39656398072337,1538.1309788497588
24053,13:21:46,false,10,35000.0,2.2222222222222223,0,package164,true,1,340.76666666666665,13:20:48,13:21:46,0.9666666666666667,-71.121151,42.37418899999989,-71.119647,42.3739019999999,138.19024544751142
24089,13:22:58,false,10,35000.0,2.2222222222222223,0,package163,true,1,319.53333333333336,12:58:34,13:22:58,24.4,-71.077051,42.36937099999988,-71.10539064068517,42.35959393173474,2639.9301545642547
24098,13:23:16,false,10,35000.0,2.2222222222222223,0,package166,true,1,333.53333333333336,13:14:34,13:23:16,8.7,-71.121151,42.37418899999989,-71.12091812921807,42.382149766079415,936.7631383994774
24276,13:29:12,false,10,35000.0,2.2222222222222223,0,package170,true,1,338.6,13:20:38,13:29:12,8.566666666666666,-71.102423,42.36502799999988,-71.113709,42.370440999999886,1157.4283940792059
24444,13:34:48,false,10,35000.0,2.2222222222222223,0,package169,true,1,336.53333333333336,13:18:34,13:34:48,16.233333333333334,-71.08233299999999,42.36524399999988,-71.10015331897101,42.37266597012764,1780.056671863649
24481,13:36:02,false,10,35000.0,2.2222222222222223,0,package171,true,1,344.3333333333333,13:26:22,13:36:02,9.666666666666666,-71.102423,42.36502799999988,-71.1118203275885,42.372113429443125,1132.1305528101552
24506,13:36:52,false,10,35000.0,2.2222222222222223,0,package172,true,1,344.3333333333333,13:28:22,13:36:52,8.5,-71.119548,42.38936199999989,-71.11473349601509,42.382379748280655,943.0448473842307
24625,13:40:50,false,10,35000.0,2.2222222222222223,0,package176,true,1,348.96666666666664,13:33:00,13:40:50,7.833333333333333,-71.117852,42.37248399999987,-71.1083565078159,42.37185190386168,891.5846545453096
24627,13:40:54,false,10,35000.0,2.2222222222222223,0,package165,true,1,350.6333333333333,13:31:40,13:40:54,9.233333333333333,-71.121151,42.37418899999989,-71.120062,42.38244899999987,1022.5359809089437
24656,13:41:52,false,10,35000.0,2.2222222222222223,0,package175,true,1,348.1666666666667,13:32:12,13:41:52,9.666666666666666,-71.117852,42.37248399999987,-71.10512857328905,42.37072372622858,1159.6451127868777
24844,13:48:08,false,10,35000.0,2.2222222222222223,0,package174,true,1,355.5,13:39:32,13:48:08,8.6,-71.118977,42.37244099999987,-71.1103203165989,42.376981340637,907.1893534122436
24872,13:49:04,false,10,35000.0,2.2222222222222223,0,package167,true,1,341.93333333333334,13:22:58,13:49:04,26.1,-71.114262,42.37323999999988,-71.103274,42.354987999999885,2329.6449224683224
24958,13:51:56,false,10,35000.0,2.2222222222222223,0,package173,true,1,351.76666666666665,13:35:48,13:51:56,16.133333333333333,-71.102423,42.36502799999988,-71.082562,42.365951999999865,1780.2717362706994
25030,13:54:20,false,10,35000.0,2.2222222222222223,0,package168,true,1,358.03333333333336,13:40:04,13:54:20,14.266666666666667,-71.09388,42.36278199999988,-71.11152440494456,42.359625547171966,1582.1450729172172
25113,13:57:06,false,10,35000.0,2.2222222222222223,0,package178,true,1,352.3333333333333,13:38:22,13:57:06,18.733333333333334,-71.114262,42.37323999999988,-71.12238489845659,42.38992618206255,2090.947607516043
25197,13:59:54,false,10,35000.0,2.2222222222222223,0,package179,true,1,359.06666666666666,13:45:06,13:59:54,14.8,-71.118227,42.390042999999885,-71.13238730712051,42.39987779037279,1659.5167965169162
25267,14:02:14,false,10,35000.0,2.2222222222222223,0,package185,true,1,371.56666666666666,14:00:36,14:02:14,1.6333333333333333,-71.075408,42.37195999999987,-71.07410300000001,42.37171299999988,204.3851047957555
25326,14:04:12,false,10,35000.0,2.2222222222222223,0,package182,true,1,368.23333333333335,13:55:16,14:04:12,8.933333333333334,-71.09474399999999,42.35906599999986,-71.103274,42.354987999999885,987.0857801875053
25423,14:07:26,false,10,35000.0,2.2222222222222223,0,package181,true,1,372.8333333333333,13:59:52,14:07:26,7.566666666666666,-71.08233299999999,42.36524399999988,-71.0801021283903,42.37231425385219,898.3799006052658
25425,14:07:30,false,10,35000.0,2.2222222222222223,0,package177,true,1,364.6,13:49:38,14:07:30,17.866666666666667,-71.114939,42.357995999999865,-71.10378883799797,42.37326645017874,1976.0311945497779
25440,14:08:00,false,10,35000.0,2.2222222222222223,0,package183,true,1,373.76666666666665,14:01:48,14:08:00,6.2,-71.102423,42.36502799999988,-71.09943134542625,42.36919363179398,685.831699929962
25666,14:15:32,false,10,35000.0,2.2222222222222223,0,package184,true,1,381.7,14:09:44,14:15:32,5.8,-71.09047,42.36164899999987,-71.08576965108064,42.360176467629955,633.4833582832879
25705,14:16:50,false,10,35000.0,2.2222222222222223,0,package180,true,1,374.76666666666665,14:00:48,14:16:50,16.033333333333335,-71.102423,42.36502799999988,-71.08384421052558,42.36467240318253,1659.7904567006258
25720,14:17:20,false,10,35000.0,2.2222222222222223,0,package187,true,1,387.1666666666667,14:17:12,14:17:20,0.13333333333333333,-71.099827,42.37339999999987,-71.099877,42.373761999999864,45.26183523107709
26017,14:27:14,false,10,35000.0,2.2222222222222223,0,package186,true,1,381.06666666666666,14:10:06,14:27:14,17.133333333333333,-71.121151,42.37418899999989,-71.14162639483929,42.37775779590047,1937.9174106199769
26077,14:29:14,false,10,35000.0,2.2222222222222223,0,package189,true,1,394.6333333333333,14:26:40,14:29:14,2.566666666666667,-71.07982,42.372245999999876,-71.08051890301094,42.37059436361145,279.66964574490396
26221,14:34:02,false,10,35000.0,2.2222222222222223,0,package191,true,1,380.73333333333335,14:12:46,14:34:02,21.266666666666666,-71.102423,42.36502799999988,-71.120062,42.38244899999987,2540.896070537684
26251,14:35:02,false,10,35000.0,2.2222222222222223,0,package195,true,1,399.1333333333333,14:32:10,14:35:02,2.8666666666666667,-71.102423,42.36502799999988,-71.100902,42.367478999999875,393.04915186415684
26338,14:37:56,false,10,35000.0,2.2222222222222223,0,package192,true,1,383.53333333333336,14:15:34,14:37:56,22.366666666666667,-71.102423,42.36502799999988,-71.123538,42.38267299999988,2675.697026188192
26480,14:42:40,false,10,35000.0,2.2222222222222223,0,package196,true,1,398.3,14:31:20,14:42:40,11.333333333333334,-71.09047,42.36164899999987,-71.103274,42.354987999999885,1329.7944172269022
26520,14:44:00,false,10,35000.0,2.2222222222222223,0,package194,true,1,395.73333333333335,14:28:46,14:44:00,15.233333333333333,-71.102423,42.36502799999988,-71.103274,42.354987999999885,1214.0727570780625
26604,14:46:48,false,10,35000.0,2.2222222222222223,0,package188,true,1,410.43333333333334,14:42:28,14:46:48,4.333333333333333,-71.101863,42.35975699999988,-71.101189,42.36277899999986,429.2540961347803
26830,14:54:20,false,10,35000.0,2.2222222222222223,0,package198,true,1,409.0,14:43:02,14:54:20,11.3,-71.09388,42.36278199999988,-71.08145958359013,42.367560823136415,1243.9941422399527
26892,14:56:24,false,10,35000.0,2.2222222222222223,0,package202,true,1,416.46666666666664,14:51:30,14:56:24,4.9,-71.09047,42.36164899999987,-71.08743,42.360622999999876,472.27501136883564
26954,14:58:28,false,10,35000.0,2.2222222222222223,0,package193,true,1,401.8333333333333,14:33:52,14:58:28,24.6,-71.102423,42.36502799999988,-71.1263930980566,42.384849290668924,3003.9430074110574
27042,15:01:24,false,10,35000.0,2.2222222222222223,0,package190,true,1,400.6333333333333,14:32:40,15:01:24,28.733333333333334,-71.102423,42.36502799999988,-71.13868349396279,42.381784820331404,3570.3492644532816
27092,15:03:04,false,10,35000.0,2.2222222222222223,0,package200,true,1,422.4,14:57:26,15:03:04,5.633333333333334,-71.11983000000001,42.38448799999988,-71.11829200000003,42.389997999999885,685.0257882396234
27108,15:03:36,false,10,35000.0,2.2222222222222223,0,package201,true,1,417.0,14:52:02,15:03:36,11.566666666666666,-71.113341,42.37069799999986,-71.12014235114152,42.38148730795381,1403.609102823383
27166,15:05:32,false,10,35000.0,2.2222222222222223,0,package203,true,1,429.03333333333336,15:04:04,15:05:32,1.4666666666666666,-71.084037,42.37174999999987,-71.08198410008653,42.37152717973265,195.28703981880685
27177,15:05:54,false,10,35000.0,2.2222222222222223,0,package199,true,1,427.06666666666666,15:01:06,15:05:54,4.8,-71.09388,42.36278199999988,-71.099631,42.36357899999989,585.8835862682273
27255,15:08:30,false,10,35000.0,2.2222222222222223,0,package197,true,1,427.06666666666666,15:00:06,15:08:30,8.4,-71.096565,42.360788999999876,-71.10743209199175,42.35622509282259,1052.151316771692
27464,15:15:28,false,10,35000.0,2.2222222222222223,0,package205,true,1,430.8333333333333,15:08:52,15:15:28,6.6,-71.100716,42.36333499999987,-71.10652352928842,42.35908764669613,782.7454512670793
27479,15:15:58,false,10,35000.0,2.2222222222222223,0,package211,true,1,429.93333333333334,15:09:58,15:15:58,6.0,-71.09784300000001,42.36794699999987,-71.100137,42.362182999999874,699.1872134481047
27537,15:17:54,false,10,35000.0,2.2222222222222223,0,package212,true,1,431.8,15:11:50,15:17:54,6.066666666666666,-71.119984,42.382397999999874,-71.11250047624266,42.38160458501948,641.4531850119325
27633,15:21:06,false,10,35000.0,2.2222222222222223,0,package206,true,1,423.8333333333333,15:01:52,15:21:06,19.233333333333334,-71.08233299999999,42.36524399999988,-71.10646178510169,42.35957295665761,2171.8706035371288
27698,15:23:16,false,10,35000.0,2.2222222222222223,0,package204,true,1,432.3666666666667,15:08:24,15:23:16,14.866666666666667,-71.119949,42.38191999999986,-71.11075,42.3693279999999,1644.2543268815405
27927,15:30:54,false,10,35000.0,2.2222222222222223,0,package214,true,1,442.43333333333334,15:22:28,15:30:54,8.433333333333334,-71.119984,42.382397999999874,-71.12970200000001,42.38134499999987,831.060222765759
27941,15:31:22,false,10,35000.0,2.2222222222222223,0,package210,true,1,441.4,15:20:26,15:31:22,10.933333333333334,-71.096565,42.360788999999876,-71.11032489074078,42.36203506338703,1191.8857011168952
28062,15:35:24,false,10,35000.0,2.2222222222222223,0,package209,true,1,451.56666666666666,15:30:36,15:35:24,4.8,-71.09388,42.36278199999988,-71.099631,42.36357899999989,585.8835862682273
28071,15:35:42,false,10,35000.0,2.2222222222222223,0,package218,true,1,450.1,15:32:08,15:35:42,3.566666666666667,-71.118965,42.373370999999885,-71.117438,42.371218999999876,354.5232344332372
28075,15:35:50,false,10,35000.0,2.2222222222222223,0,package217,true,1,449.0,15:31:02,15:35:50,4.8,-71.1114,42.36962799999989,-71.115319,42.36872119999988,448.6501142387207
28129,15:37:38,false,10,35000.0,2.2222222222222223,0,package216,true,1,453.4,15:35:26,15:37:38,2.2,-71.118965,42.373370999999885,-71.118216,42.37487299999988,260.32989258448896
28138,15:37:56,false,10,35000.0,2.2222222222222223,0,package215,true,1,452.4,15:34:26,15:37:56,3.5,-71.119126,42.37430599999989,-71.120343,42.372003999999855,339.85157212608146
28304,15:43:28,false,10,35000.0,2.2222222222222223,0,package208,true,1,464.7,15:42:44,15:43:28,0.7333333333333333,-71.08233299999999,42.36524399999988,-71.08313100000001,42.36479299999989,93.13846859002615
28327,15:44:14,false,10,35000.0,2.2222222222222223,0,package219,true,1,458.6333333333333,15:40:40,15:44:14,3.566666666666667,-71.118965,42.373370999999885,-71.117438,42.371218999999876,354.5232344332372
28332,15:44:24,false,10,35000.0,2.2222222222222223,0,package207,true,1,452.6333333333333,15:30:40,15:44:24,13.733333333333333,-71.084037,42.37174999999987,-71.10320628147,42.370734595752,1652.1775568547941
28557,15:51:54,false,10,35000.0,2.2222222222222223,0,package213,true,1,449.8333333333333,15:29:52,15:51:54,22.033333333333335,-71.119126,42.37430599999989,-71.12989499999999,42.39677899999987,2693.699129278603
28561,15:52:02,false,10,35000.0,2.2222222222222223,0,package226,true,1,465.56666666666666,15:51:36,15:52:02,0.43333333333333335,-71.086311,42.371653999999864,-71.08599347032839,42.37162876082429,50.69031082582875
28649,15:54:58,false,10,35000.0,2.2222222222222223,0,package221,true,1,453.96666666666664,15:38:00,15:54:58,16.966666666666665,-71.118965,42.373370999999885,-71.13625879551151,42.38182414539509,1858.9651714827296
28790,15:59:40,false,10,35000.0,2.2222222222222223,0,package223,true,1,467.1333333333333,15:52:10,15:59:40,7.5,-71.081655,42.37147599999988,-71.08384421052558,42.36467240318253,823.1760670706356
28792,15:59:44,false,10,35000.0,2.2222222222222223,0,package227,true,1,470.8666666666667,15:56:54,15:59:44,2.8333333333333335,-71.11983000000001,42.38448799999988,-71.12081491313238,42.38250905397817,294.2339581361442
28850,16:01:40,false,10,35000.0,2.2222222222222223,0,package228,true,1,469.53333333333336,15:56:34,16:01:40,5.1,-71.119126,42.37430599999989,-71.12039240000001,42.37881629999987,583.346333666519
28935,16:04:30,false,10,35000.0,2.2222222222222223,0,package222,true,1,472.3666666666667,15:57:24,16:04:30,7.1,-71.086311,42.371653999999864,-71.0795057204829,42.36784513010853,741.4108957197279
28995,16:06:30,false,10,35000.0,2.2222222222222223,0,package225,true,1,468.76666666666665,15:53:48,16:06:30,12.7,-71.09784300000001,42.36794699999987,-71.11379933107342,42.36761586192758,1341.3956626099937
29073,16:09:06,false,10,35000.0,2.2222222222222223,0,package220,true,1,480.1,16:04:08,16:09:06,4.966666666666667,-71.12689499999999,42.39475199999989,-71.13030671972135,42.39126597747084,564.4744430988242
29079,16:09:18,false,10,35000.0,2.2222222222222223,0,package224,true,1,473.53333333333336,15:58:34,16:09:18,10.733333333333333,-71.086311,42.371653999999864,-71.082109,42.36293399999988,1080.7285415853576
29220,16:14:00,false,10,35000.0,2.2222222222222223,0,package229,true,1,483.53333333333336,16:10:34,16:14:00,3.433333333333333,-71.1114,42.36962799999989,-71.11279906346145,42.37194683639121,343.4112128330332
29236,16:14:32,false,10,35000.0,2.2222222222222223,0,package234,true,1,477.76666666666665,16:06:48,16:14:32,7.733333333333333,-71.118965,42.373370999999885,-71.110086,42.37373699999989,910.1259574545253
29367,16:18:54,false,10,35000.0,2.2222222222222223,0,package232,true,1,482.7,16:10:44,16:18:54,8.166666666666666,-71.092946,42.35911299999988,-71.08743,42.360622999999876,681.9911444930087
29530,16:24:20,false,10,35000.0,2.2222222222222223,0,package236,true,1,493.56666666666666,16:23:36,16:24:20,0.7333333333333333,-71.09784300000001,42.36794699999987,-71.09725990000001,42.36776209999987,87.59732647687035
29533,16:24:26,false,10,35000.0,2.2222222222222223,0,package231,true,1,492.6,16:20:38,16:24:26,3.8,-71.099827,42.37339999999987,-71.10015331897101,42.37266597012764,301.0634302870603
29701,16:30:02,false,10,35000.0,2.2222222222222223,0,package233,true,1,499.53333333333336,16:28:34,16:30:02,1.4666666666666666,-71.081655,42.37147599999988,-71.08238186065647,42.372274838912865,168.8309811130378
29929,16:37:38,false,10,35000.0,2.2222222222222223,0,package239,true,1,505.6666666666667,16:35:42,16:37:38,1.9333333333333333,-71.08259,42.36490999999987,-71.08403299999999,42.36430499999988,223.31481580135437
29983,16:39:26,false,10,35000.0,2.2222222222222223,0,package242,true,1,506.03333333333336,16:37:04,16:39:26,2.3666666666666667,-71.118965,42.373370999999885,-71.11595799999999,42.37221099999987,326.222715813721
30009,16:40:18,false,10,35000.0,2.2222222222222223,0,package238,true,1,493.8,16:23:50,16:40:18,16.466666666666665,-71.119827,42.38395799999988,-71.11075,42.3693279999999,1856.7983513479496
30073,16:42:26,false,10,35000.0,2.2222222222222223,0,package240,true,1,501.6666666666667,16:31:42,16:42:26,10.733333333333333,-71.119664,42.38804899999991,-71.13023868310509,42.39102162484224,979.6323809165243
30133,16:44:26,false,10,35000.0,2.2222222222222223,0,package243,true,1,499.0,16:30:02,16:44:26,14.4,-71.102756,42.36503199999987,-71.082109,42.36293399999988,1750.8420879188675
30134,16:44:28,false,10,35000.0,2.2222222222222223,0,package230,true,1,509.03333333333336,16:36:04,16:44:28,8.4,-71.075402,42.37193799999988,-71.0810387934289,42.36747986486227,802.1668656557945
30364,16:52:08,false,10,35000.0,2.2222222222222223,0,package235,true,1,498.2,16:27:14,16:52:08,24.9,-71.120337,42.389246999999884,-71.09725990000001,42.36776209999987,3131.639238999525
30713,17:03:46,false,10,35000.0,2.2222222222222223,0,package244,true,1,516.7,16:47:44,17:03:46,16.033333333333335,-71.102756,42.36503199999987,-71.08384421052558,42.36467240318253,1638.2255696285526
30747,17:04:54,false,10,35000.0,2.2222222222222223,0,package251,true,1,528.3333333333334,17:03:22,17:04:54,1.5333333333333334,-71.08259,42.36490999999987,-71.082562,42.365951999999865,169.62073067251876
30782,17:06:04,false,10,35000.0,2.2222222222222223,0,package237,true,1,513.3333333333334,16:43:22,17:06:04,22.7,-71.120337,42.389246999999884,-71.0981302081539,42.36959949085267,2911.1069088544314
30810,17:07:00,false,10,35000.0,2.2222222222222223,0,package249,true,1,522.4,16:56:26,17:07:00,10.566666666666666,-71.096974,42.36308199999987,-71.094321,42.360184999999866,788.3368466658671
30822,17:07:24,false,10,35000.0,2.2222222222222223,0,package247,true,1,533.7333333333333,17:05:46,17:07:24,1.6333333333333333,-71.075408,42.37195999999987,-71.07410300000001,42.37171299999988,204.3851047957555
30838,17:07:56,false,10,35000.0,2.2222222222222223,0,package245,true,1,520.8666666666667,16:51:54,17:07:56,16.033333333333335,-71.102756,42.36503199999987,-71.08384421052558,42.36467240318253,1638.2255696285526
30873,17:09:06,false,10,35000.0,2.2222222222222223,0,package246,true,1,511.8,16:42:50,17:09:06,26.266666666666666,-71.119126,42.37430599999989,-71.133083,42.39864099999989,3071.330715433611
31057,17:15:14,false,10,35000.0,2.2222222222222223,0,package241,true,1,521.2,16:51:14,17:15:14,24.0,-71.118227,42.390042999999885,-71.097672,42.36956499999988,2953.626545767874
31255,17:21:50,false,10,35000.0,2.2222222222222223,0,package257,true,1,537.7,17:15:44,17:21:50,6.1,-71.09047,42.36164899999987,-71.09384525746042,42.35731286087455,684.2537750985305
31317,17:23:54,false,10,35000.0,2.2222222222222223,0,package250,true,1,536.3333333333334,17:11:22,17:23:54,12.533333333333333,-71.119126,42.37430599999989,-71.136424,42.37476499999986,1549.7449750132305
31322,17:24:04,false,10,35000.0,2.2222222222222223,0,package248,true,1,546.5333333333333,17:19:34,17:24:04,4.5,-71.101863,42.35975699999988,-71.10646052833769,42.35744729456692,521.8911601969413
31325,17:24:10,false,10,35000.0,2.2222222222222223,0,package252,true,1,546.5,17:21:32,17:24:10,2.6333333333333333,-71.116713,42.371435999999875,-71.119421,42.37134999999988,287.6149270207634
31381,17:26:02,false,10,35000.0,2.2222222222222223,0,package258,true,1,541.1666666666666,17:21:12,17:26:02,4.833333333333333,-71.118227,42.390042999999885,-71.12357256144703,42.39028091095436,463.77948533115955
31695,17:36:30,false,10,35000.0,2.2222222222222223,0,package255,true,1,551.7333333333333,17:28:46,17:36:30,7.733333333333333,-71.120337,42.389246999999884,-71.120062,42.38244899999987,812.0767665014498
31756,17:38:32,false,10,35000.0,2.2222222222222223,0,package253,true,1,562.2666666666667,17:37:18,17:38:32,1.2333333333333334,-71.120337,42.389246999999884,-71.1211557125964,42.38945510294229,105.1758586045654
31819,17:40:38,false,10,35000.0,2.2222222222222223,0,package260,true,1,557.2,17:37:14,17:40:38,3.4,-71.086311,42.371653999999864,-71.08271746229225,42.372279931411946,343.59628833113425
31879,17:42:38,false,10,35000.0,2.2222222222222223,0,package263,true,1,553.1,17:34:08,17:42:38,8.5,-71.119984,42.382397999999874,-71.123497,42.37852899999989,576.9838737269328
31898,17:43:16,false,10,35000.0,2.2222222222222223,0,package254,true,1,561.0333333333333,17:38:04,17:43:16,5.2,-71.118227,42.390042999999885,-71.12402318439744,42.3899810508001,482.34068343486695
31909,17:43:38,false,10,35000.0,2.2222222222222223,0,package259,true,1,539.2333333333333,17:19:16,17:43:38,24.366666666666667,-71.099827,42.37339999999987,-71.12602966980471,42.390913392309955,2953.3492303053404
32200,17:53:20,false,10,35000.0,2.2222222222222223,0,package256,true,1,560.7,17:38:44,17:53:20,14.6,-71.119126,42.37430599999989,-71.10083908556804,42.37019874934447,1723.7857030909358
32256,17:55:12,false,10,35000.0,2.2222222222222223,0,package266,true,1,558.9,17:40:56,17:55:12,14.266666666666667,-71.118227,42.390042999999885,-71.13530269535927,42.38252730340936,1664.5195752808056
32312,17:57:04,false,10,35000.0,2.2222222222222223,0,package267,true,1,566.3333333333334,17:48:22,17:57:04,8.7,-71.118965,42.373370999999885,-71.10994699999999,42.37457199999988,890.8400533502942
32602,18:06:44,false,10,35000.0,2.2222222222222223,0,package271,true,1,581.1333333333333,18:04:10,18:06:44,2.566666666666667,-71.086311,42.371653999999864,-71.08931013735642,42.37197934723509,326.59328016691285
32622,18:07:24,false,10,35000.0,2.2222222222222223,0,package264,true,1,576.0333333333333,17:58:04,18:07:24,9.333333333333334,-71.096974,42.36308199999987,-71.09635899999999,42.35876399999987,775.2409477099903
32684,18:09:28,false,10,35000.0,2.2222222222222223,0,package262,true,1,573.1333333333333,17:54:10,18:09:28,15.3,-71.119664,42.38804899999991,-71.11119336779059,42.37527286034675,1651.5093538769615
32816,18:13:52,false,10,35000.0,2.2222222222222223,0,package269,true,1,587.9,18:10:56,18:13:52,2.933333333333333,-71.118877,42.37269699999986,-71.11631324605207,42.37241865360796,285.6105688794191
32953,18:18:26,false,10,35000.0,2.2222222222222223,0,package268,true,1,587.0666666666667,18:09:06,18:18:26,9.333333333333334,-71.094985,42.37338699999987,-71.099631,42.36357899999989,1217.5504111788828
33027,18:20:54,false,10,35000.0,2.2222222222222223,0,package274,true,1,596.2,18:19:14,18:20:54,1.6666666666666667,-71.086311,42.371653999999864,-71.08719075608853,42.37273003701872,192.697446649917
33235,18:27:50,false,10,35000.0,2.2222222222222223,0,package265,true,1,574.3666666666667,17:56:24,18:27:50,31.433333333333334,-71.102756,42.36503199999987,-71.14020680679684,42.37869948826623,3694.3564097502567
33281,18:29:22,false,10,35000.0,2.2222222222222223,0,package275,true,1,587.8666666666667,18:11:54,18:29:22,17.466666666666665,-71.081655,42.37147599999988,-71.09384525746042,42.35731286087455,1960.6985972395466
33367,18:32:14,false,10,35000.0,2.2222222222222223,0,package273,true,1,581.5666666666667,18:04:36,18:32:14,27.633333333333333,-71.118965,42.373370999999885,-71.08196198559455,42.368310410725286,3132.9554655984107
33429,18:34:18,false,10,35000.0,2.2222222222222223,0,package272,true,1,585.8,18:08:50,18:34:18,25.466666666666665,-71.119126,42.37430599999989,-71.08260225860039,42.37043872968123,3152.0064739171335
33471,18:35:42,false,10,35000.0,2.2222222222222223,0,package277,true,1,607.4333333333333,18:31:28,18:35:42,4.233333333333333,-71.086311,42.371653999999864,-71.09035096829513,42.370813538474025,408.2952189039193
33624,18:40:48,false,10,35000.0,2.2222222222222223,0,package270,true,1,586.8333333333334,18:09:52,18:40:48,30.933333333333334,-71.118965,42.373370999999885,-71.075453,42.370800999999894,3689.2463969765267
33674,18:42:28,false,10,35000.0,2.2222222222222223,0,package279,true,1,608.6,18:32:38,18:42:28,9.833333333333334,-71.096974,42.36308199999987,-71.093716,42.360216999999885,748.9156427872151
33696,18:43:12,false,10,35000.0,2.2222222222222223,0,package278,true,1,603.5333333333333,18:27:34,18:43:12,15.633333333333333,-71.094985,42.37338699999987,-71.10652352928842,42.35908764669613,1950.4424198906404
33726,18:44:12,false,10,35000.0,2.2222222222222223,0,package276,true,1,602.6333333333333,18:26:40,18:44:12,17.533333333333335,-71.131433,42.382381999999865,-71.1114,42.36962799999989,2231.033377596782
33783,18:46:06,false,10,35000.0,2.2222222222222223,0,package261,true,1,580.4333333333333,18:01:28,18:46:06,44.63333333333333,-71.08259,42.36490999999987,-71.13965999999999,42.38421499999988,5358.9419831491505
33848,18:48:16,false,10,35000.0,2.2222222222222223,0,package280,true,1,621.0666666666667,18:45:06,18:48:16,3.1666666666666665,-71.118227,42.390042999999885,-71.1180607589774,42.38887809679962,242.81334942809357
33884,18:49:28,false,10,35000.0,2.2222222222222223,0,package286,true,1,617.0666666666667,18:45:06,18:49:28,4.366666666666666,-71.081655,42.37147599999988,-71.08719075608853,42.37273003701872,519.2355280548347
33977,18:52:34,false,10,35000.0,2.2222222222222223,0,package282,true,1,619.2333333333333,18:45:16,18:52:34,7.3,-71.08259,42.36490999999987,-71.08632894531308,42.370154168988854,701.0008835375595
33989,18:52:58,false,10,35000.0,2.2222222222222223,0,package283,true,1,621.6333333333333,18:47:40,18:52:58,5.3,-71.096565,42.360788999999876,-71.1012,42.36354899999987,548.2177132284982
34006,18:53:32,false,10,35000.0,2.2222222222222223,0,package281,true,1,620.7333333333333,18:46:46,18:53:32,6.766666666666667,-71.099827,42.37339999999987,-71.10199899999999,42.367604999999884,718.8434524051614
34029,18:54:18,false,10,35000.0,2.2222222222222223,0,package285,true,1,623.8333333333334,18:50:52,18:54:18,3.433333333333333,-71.096974,42.36308199999987,-71.095001,42.36227599999988,311.59595023279746
34388,19:06:16,false,10,35000.0,2.2222222222222223,0,package292,true,1,635.7333333333333,19:04:46,19:06:16,1.5,-71.08259,42.36490999999987,-71.081379,42.364368999999876,165.67770722881374
34443,19:08:06,false,10,35000.0,2.2222222222222223,0,package295,true,1,634.0,19:04:02,19:08:06,4.066666666666666,-71.08259,42.36490999999987,-71.087029,42.365002999999895,418.3995604897724
34522,19:10:44,false,10,35000.0,2.2222222222222223,0,package284,true,1,640.9666666666667,19:08:00,19:10:44,2.7333333333333334,-71.119887,42.383524999999885,-71.11779,42.38242499999988,225.9054069137102
34758,19:18:36,false,10,35000.0,2.2222222222222223,0,package289,true,1,636.6,19:04:38,19:18:36,13.966666666666667,-71.086093,42.36068399999988,-71.09635899999999,42.35876399999987,1283.5876633329449
34832,19:21:04,false,10,35000.0,2.2222222222222223,0,package293,true,1,648.8666666666667,19:18:54,19:21:04,2.1666666666666665,-71.119827,42.38395799999988,-71.12042235170105,42.38381442397876,174.67970999037186
34850,19:21:40,false,10,35000.0,2.2222222222222223,0,package291,true,1,649.7666666666667,19:18:48,19:21:40,2.8666666666666667,-71.096974,42.36308199999987,-71.098786,42.36222099999988,208.6216427126719
34919,19:23:58,false,10,35000.0,2.2222222222222223,0,package296,true,1,643.2666666666667,19:13:18,19:23:58,10.666666666666666,-71.09015699999999,42.36555099999988,-71.07773,42.36819299999987,1177.359659843821
34934,19:24:28,false,10,35000.0,2.2222222222222223,0,package287,true,1,646.5333333333333,19:14:34,19:24:28,9.9,-71.132186,42.39869699999988,-71.12459075067973,42.39165921427135,1133.7934859857794
34981,19:26:02,false,10,35000.0,2.2222222222222223,0,package290,true,1,642.9,19:11:56,19:26:02,14.1,-71.118965,42.373370999999885,-71.10064292043475,42.37274775448383,1541.9187859280644
34995,19:26:30,false,10,35000.0,2.2222222222222223,0,package297,true,1,644.0333333333333,19:15:04,19:26:30,11.433333333333334,-71.088217,42.359175999999884,-71.10131495212168,42.36487736161306,1381.434749404406
35294,19:36:28,false,10,35000.0,2.2222222222222223,0,package302,true,1,655.2666666666667,19:28:18,19:36:28,8.166666666666666,-71.120337,42.389246999999884,-71.126699,42.39458799999988,883.6548200220763
35451,19:41:42,false,10,35000.0,2.2222222222222223,0,package305,true,1,666.2666666666667,19:39:18,19:41:42,2.4,-71.08810500000001,42.37226699999988,-71.09029614444543,42.37297742310021,239.7623029474146
35459,19:41:58,false,10,35000.0,2.2222222222222223,0,package304,true,1,666.1333333333333,19:39:10,19:41:58,2.8,-71.118965,42.373370999999885,-71.119647,42.3739019999999,222.5952791895088
35743,19:51:26,false,10,35000.0,2.2222222222222223,0,package303,true,1,676.5666666666667,19:49:36,19:51:26,1.8333333333333333,-71.1114,42.36962799999989,-71.10999923034461,42.370684435967405,212.43599326625593
35800,19:53:20,false,10,35000.0,2.2222222222222223,0,package294,true,1,637.5,19:07:32,19:53:20,45.8,-71.088217,42.359175999999884,-71.12891654629405,42.3982625026188,5659.172818586992
35812,19:53:44,false,10,35000.0,2.2222222222222223,0,package298,true,1,669.6333333333333,19:40:40,19:53:44,13.066666666666666,-71.09047,42.36164899999987,-71.10827056418404,42.36101899014318,1470.3343631079476
36176,20:05:52,false,10,35000.0,2.2222222222222223,0,package288,true,1,653.9666666666667,19:22:00,20:05:52,43.86666666666667,-71.092946,42.35911299999988,-71.131909,42.398404999999876,5459.624860044486
36255,20:08:30,false,10,35000.0,2.2222222222222223,0,package300,true,1,670.3666666666667,19:42:24,20:08:30,26.1,-71.102756,42.36503199999987,-71.13520935286442,42.38189201412339,3288.7974355381953
36421,20:14:02,false,10,35000.0,2.2222222222222223,0,package299,true,1,661.9333333333333,19:33:58,20:14:02,40.06666666666667,-71.074439,42.367182999999876,-71.11829200000003,42.389997999999885,4617.440929603165
36440,20:14:40,false,10,35000.0,2.2222222222222223,0,package301,true,1,678.7,19:51:44,20:14:40,22.933333333333334,-71.118227,42.390042999999885,-71.10551245835731,42.37054455570484,2523.09522505056
36463,20:15:26,false,10,35000.0,2.2222222222222223,0,package306,true,1,690.3333333333334,20:04:22,20:15:26,11.066666666666666,-71.094985,42.37338699999987,-71.098646,42.36261099999988,1298.0822843620574
36490,20:16:20,false,10,35000.0,2.2222222222222223,0,package309,true,1,691.6,20:05:38,20:16:20,10.7,-71.09015699999999,42.36555099999988,-71.10241482252766,42.360787076686144,1195.8332390996065
36496,20:16:32,false,10,35000.0,2.2222222222222223,0,package310,true,1,697.2333333333333,20:12:16,20:16:32,4.266666666666667,-71.08810500000001,42.37226699999988,-71.094311,42.37276999999988,516.1741724854257
36734,20:24:28,false,10,35000.0,2.2222222222222223,0,package317,true,1,704.2666666666667,20:21:18,20:24:28,3.1666666666666665,-71.09784300000001,42.36794699999987,-71.09760739694485,42.36650205993818,296.0906047394835
36761,20:25:22,false,10,35000.0,2.2222222222222223,0,package313,true,1,706.5333333333333,20:22:34,20:25:22,2.8,-71.119827,42.38395799999988,-71.120062,42.38244899999987,278.59832010772436
36790,20:26:20,false,10,35000.0,2.2222222222222223,0,package311,true,1,704.2333333333333,20:19:16,20:26:20,7.066666666666666,-71.119126,42.37430599999989,-71.11014941747611,42.37133585810661,892.2744738374903
36871,20:29:02,false,10,35000.0,2.2222222222222223,0,package315,true,1,708.1,20:25:08,20:29:02,3.9,-71.119126,42.37430599999989,-71.122979,42.37663499999988,420.2708643409976
36900,20:30:00,false,10,35000.0,2.2222222222222223,0,package312,true,1,707.6,20:22:38,20:30:00,7.366666666666666,-71.118877,42.37269699999986,-71.10862698959195,42.37181847246035,893.2173716468792
36923,20:30:46,false,10,35000.0,2.2222222222222223,0,package307,true,1,682.2333333333333,19:56:16,20:30:46,34.5,-71.06882399999999,42.36985899999988,-71.118434,42.37241099999988,4109.613768984041
36933,20:31:06,false,10,35000.0,2.2222222222222223,0,package308,true,1,695.9666666666667,20:10:00,20:31:06,21.1,-71.08259,42.36490999999987,-71.10894760000001,42.37483069999987,2547.637733209713
37004,20:33:28,false,10,35000.0,2.2222222222222223,0,package314,true,1,711.1,20:28:08,20:33:28,5.333333333333333,-71.119126,42.37430599999989,-71.12507678236227,42.37536404764048,556.4418355656912
37161,20:38:42,false,10,35000.0,2.2222222222222223,0,package321,true,1,715.5,20:34:32,20:38:42,4.166666666666667,-71.099827,42.37339999999987,-71.10522636823147,42.37233742956041,485.9902692718197
37173,20:39:06,false,10,35000.0,2.2222222222222223,0,package323,true,1,717.3333333333334,20:37:22,20:39:06,1.7333333333333334,-71.118965,42.373370999999885,-71.118256,42.372006999999876,196.67844929767654
37222,20:40:44,false,10,35000.0,2.2222222222222223,0,package319,true,1,717.4,20:34:26,20:40:44,6.3,-71.1114,42.36962799999989,-71.119421,42.37134999999988,761.1700445037917
37223,20:40:46,false,10,35000.0,2.2222222222222223,0,package320,true,1,715.4,20:33:26,20:40:46,7.333333333333333,-71.118965,42.373370999999885,-71.11181147612719,42.37542482926431,729.7263742909568
37518,20:50:36,false,10,35000.0,2.2222222222222223,0,package327,true,1,726.1333333333333,20:47:10,20:50:36,3.433333333333333,-71.102756,42.36503199999987,-71.10456900000001,42.36319099999989,302.2370465482258
37610,20:53:40,false,10,35000.0,2.2222222222222223,0,package326,true,1,728.9666666666667,20:49:00,20:53:40,4.666666666666667,-71.118227,42.390042999999885,-71.1220664427002,42.39195603589943,435.25386088196234
37615,20:53:50,false,10,35000.0,2.2222222222222223,0,package316,true,1,700.1333333333333,20:17:10,20:53:50,36.666666666666664,-71.096974,42.36308199999987,-71.15063,42.37494699999988,4646.543578540485
37703,20:56:46,false,10,35000.0,2.2222222222222223,0,package330,true,1,730.3,20:53:20,20:56:46,3.433333333333333,-71.102756,42.36503199999987,-71.10456900000001,42.36319099999989,302.2370465482258
37743,20:58:06,false,10,35000.0,2.2222222222222223,0,package324,true,1,723.3333333333334,20:43:22,20:58:06,14.733333333333333,-71.119827,42.38395799999988,-71.13679617707993,42.38423161354838,1522.2440828814624
37816,21:00:32,false,10,35000.0,2.2222222222222223,0,package325,true,1,716.0333333333333,20:36:04,21:00:32,24.466666666666665,-71.1114,42.36962799999989,-71.0773,42.37058199999989,2839.5528312625847
37818,21:00:36,false,10,35000.0,2.2222222222222223,0,package322,true,1,714.6333333333333,20:33:40,21:00:36,26.933333333333334,-71.118965,42.373370999999885,-71.13322597774757,42.39870319684278,3223.2592405901164
37842,21:01:24,false,10,35000.0,2.2222222222222223,0,package328,true,1,732.8333333333334,20:54:52,21:01:24,6.533333333333333,-71.120337,42.389246999999884,-71.12042235170105,42.38381442397876,648.0926810218562
37892,21:03:04,false,10,35000.0,2.2222222222222223,0,package329,true,1,734.4333333333333,20:56:28,21:03:04,6.6,-71.120337,42.389246999999884,-71.12281777709234,42.38414350923221,659.9206043215977
37912,21:03:44,false,10,35000.0,2.2222222222222223,0,package331,true,1,734.3333333333334,20:57:22,21:03:44,6.366666666666666,-71.1114,42.36962799999989,-71.11994,42.37206899999988,821.6524804680157
38293,21:16:26,false,10,35000.0,2.2222222222222223,0,package332,true,1,745.5,21:09:32,21:16:26,6.9,-71.118965,42.373370999999885,-71.10948372907666,42.371742201230745,826.8080300218162
38459,21:21:58,false,10,35000.0,2.2222222222222223,0,package334,true,1,755.0,21:20:02,21:21:58,1.9333333333333333,-71.119577,42.386093999999886,-71.119629,42.38790499999986,218.79679710557033
38538,21:24:36,false,10,35000.0,2.2222222222222223,0,package340,true,1,751.0,21:19:02,21:24:36,5.566666666666666,-71.099827,42.37339999999987,-71.09732793883586,42.369027721867155,588.2554783843221
38542,21:24:44,false,10,35000.0,2.2222222222222223,0,package318,true,1,730.7,20:47:44,21:24:44,37.0,-71.118227,42.390042999999885,-71.07758876273537,42.365498092288,4436.374617923784
38577,21:25:54,false,10,35000.0,2.2222222222222223,0,package333,true,1,750.5,21:14:32,21:25:54,11.366666666666667,-71.118965,42.373370999999885,-71.11488169021312,42.382713165892625,1165.1838328604
38658,21:28:36,false,10,35000.0,2.2222222222222223,0,package338,true,1,754.7666666666667,21:21:48,21:28:36,6.8,-71.094985,42.37338699999987,-71.09892417979646,42.367093565859086,846.2952550736042
38883,21:36:06,false,10,35000.0,2.2222222222222223,0,package337,true,1,766.3333333333334,21:33:22,21:36:06,2.7333333333333334,-71.118227,42.390042999999885,-71.120337,42.389246999999884,306.58651919512437
38934,21:37:48,false,10,35000.0,2.2222222222222223,0,package343,true,1,763.1,21:32:08,21:37:48,5.666666666666667,-71.081655,42.37147599999988,-71.07877301616251,42.372997396889744,363.1845730794347
38976,21:39:12,false,10,35000.0,2.2222222222222223,0,package339,true,1,769.2,21:36:14,21:39:12,2.966666666666667,-71.08259,42.36490999999987,-71.082109,42.36293399999988,323.31956341587687
39026,21:40:52,false,10,35000.0,2.2222222222222223,0,package335,true,1,764.2666666666667,21:30:18,21:40:52,10.566666666666666,-71.096974,42.36308199999987,-71.10891975436564,42.3602052278974,1086.9835157276063
39099,21:43:18,false,10,35000.0,2.2222222222222223,0,package341,true,1,755.8333333333334,21:23:52,21:43:18,19.433333333333334,-71.119126,42.37430599999989,-71.108007,42.35640899999989,2280.159374962378
39250,21:48:20,false,10,35000.0,2.2222222222222223,0,package344,true,1,771.3333333333334,21:40:22,21:48:20,7.966666666666667,-71.118965,42.373370999999885,-71.10802922841907,42.371635124559056,947.8379608871612
39278,21:49:16,false,10,35000.0,2.2222222222222223,0,package336,true,1,758.9666666666667,21:25:00,21:49:16,24.266666666666666,-71.119126,42.37430599999989,-71.105193,42.353845999999876,2690.7207707341677
39325,21:50:50,false,10,35000.0,2.2222222222222223,0,package346,true,1,770.0,21:40:02,21:50:50,10.8,-71.119126,42.37430599999989,-71.119605,42.38608199999988,1364.910437203409
39546,21:58:12,false,10,35000.0,2.2222222222222223,0,package345,true,1,783.5333333333333,21:53:34,21:58:12,4.633333333333334,-71.118227,42.390042999999885,-71.12409015041645,42.390668776700124,490.64829466950965
39632,22:01:04,false,10,35000.0,2.2222222222222223,0,package342,true,1,785.4333333333333,21:53:28,22:01:04,7.6,-71.08259,42.36490999999987,-71.0773,42.37058199999989,805.9297064027666
39670,22:02:20,false,10,35000.0,2.2222222222222223,0,package349,true,1,785.4666666666667,21:55:30,22:02:20,6.833333333333333,-71.099827,42.37339999999987,-71.097791,42.368259999999886,697.909417934151
39692,22:03:04,false,10,35000.0,2.2222222222222223,0,package352,true,1,784.7333333333333,21:54:46,22:03:04,8.3,-71.099827,42.37339999999987,-71.09579000000001,42.36652299999991,903.0440241863154
39713,22:03:46,false,10,35000.0,2.2222222222222223,0,package351,true,1,787.1,21:57:08,22:03:46,6.633333333333334,-71.099827,42.37339999999987,-71.09784300000001,42.36794699999987,684.2946833879151
39851,22:08:22,false,10,35000.0,2.2222222222222223,0,package350,true,1,791.7,22:01:44,22:08:22,6.633333333333334,-71.099827,42.37339999999987,-71.09784300000001,42.36794699999987,684.2946833879151
39944,22:11:28,false,10,35000.0,2.2222222222222223,0,package348,true,1,796.6666666666666,22:06:42,22:11:28,4.766666666666667,-71.116713,42.371435999999875,-71.120281,42.37423899999988,445.5982174158455
40091,22:16:22,false,10,35000.0,2.2222222222222223,0,package347,true,1,798.6666666666666,22:08:42,22:16:22,7.666666666666667,-71.08259,42.36490999999987,-71.09004,42.368642999999885,836.081727234271
40099,22:16:38,false,10,35000.0,2.2222222222222223,0,package358,true,1,796.6666666666666,22:08:42,22:16:38,7.933333333333334,-71.096565,42.360788999999876,-71.105315,42.366065999999876,997.4366405557511
40189,22:19:38,false,10,35000.0,2.2222222222222223,0,package356,true,1,793.0333333333333,22:05:04,22:19:38,14.566666666666666,-71.119664,42.38804899999991,-71.134598,42.40001399999988,1841.6648517144931
40210,22:20:20,false,10,35000.0,2.2222222222222223,0,package357,true,1,801.8333333333334,22:13:52,22:20:20,6.466666666666667,-71.086093,42.36068399999988,-71.09384525746042,42.35731286087455,795.2746212053681
40476,22:29:12,false,10,35000.0,2.2222222222222223,0,package353,true,1,796.7666666666667,22:07:48,22:29:12,21.4,-71.08259,42.36490999999987,-71.107261,42.37794599999987,2528.1190992498227
40506,22:30:12,false,10,35000.0,2.2222222222222223,0,package359,true,1,798.6333333333333,22:11:40,22:30:12,18.533333333333335,-71.096565,42.360788999999876,-71.079939,42.372954999999884,2020.8401006459994
40527,22:30:54,false,10,35000.0,2.2222222222222223,0,package362,true,1,814.3,22:27:20,22:30:54,3.566666666666667,-71.118965,42.373370999999885,-71.117438,42.371218999999876,354.5232344332372
40562,22:32:04,false,10,35000.0,2.2222222222222223,0,package355,true,1,805.6333333333333,22:17:40,22:32:04,14.4,-71.092946,42.35911299999988,-71.08611199163238,42.37245599902493,1774.3956405154674
40570,22:32:20,false,10,35000.0,2.2222222222222223,0,package364,true,1,811.1666666666666,22:25:12,22:32:20,7.133333333333334,-71.096974,42.36308199999987,-71.09384525746042,42.35731286087455,810.7115268691218
40776,22:39:12,false,10,35000.0,2.2222222222222223,0,package363,true,1,823.2666666666667,22:37:18,22:39:12,1.9,-71.119887,42.383524999999885,-71.120062,42.38244899999987,166.3761446095464
40823,22:40:46,false,10,35000.0,2.2222222222222223,0,package354,true,1,809.0666666666667,22:21:06,22:40:46,19.666666666666668,-71.092946,42.35911299999988,-71.072001,42.369910999999874,2254.5250304101746
40881,22:42:42,false,10,35000.0,2.2222222222222223,0,package370,true,1,823.5333333333333,22:40:34,22:42:42,2.1333333333333333,-71.1114,42.36962799999989,-71.113709,42.370440999999886,294.5484860038795
40888,22:42:56,false,10,35000.0,2.2222222222222223,0,package365,true,1,821.3666666666667,22:36:24,22:42:56,6.533333333333333,-71.1114,42.36962799999989,-71.10994699999999,42.37457199999988,708.8358799608694
41069,22:48:58,false,10,35000.0,2.2222222222222223,0,package368,true,1,819.2666666666667,22:35:18,22:48:58,13.666666666666666,-71.081655,42.37147599999988,-71.08743,42.360622999999876,1392.8175169623864
41161,22:52:02,false,10,35000.0,2.2222222222222223,0,package366,true,1,821.1666666666666,22:37:12,22:52:02,14.833333333333334,-71.08259,42.36490999999987,-71.101332,42.360992999999894,1677.64812179098
41216,22:53:52,false,10,35000.0,2.2222222222222223,0,package360,true,1,822.3666666666667,22:35:24,22:53:52,18.466666666666665,-71.118227,42.390042999999885,-71.117438,42.371218999999876,2234.153315246264
41219,22:53:58,false,10,35000.0,2.2222222222222223,0,package373,true,1,824.2,22:45:14,22:53:58,8.733333333333333,-71.110736,42.372967999999865,-71.09784300000001,42.36794699999987,1214.041675833422
41359,22:58:38,false,10,35000.0,2.2222222222222223,0,package371,true,1,833.6,22:51:38,22:58:38,7.0,-71.12689499999999,42.39475199999989,-71.13026614637688,42.3996148613538,713.9405753430244
41525,23:04:10,false,10,35000.0,2.2222222222222223,0,package361,true,1,819.2,22:32:14,23:04:10,31.933333333333334,-71.149096,42.37545099999986,-71.10819572670906,42.36239582265294,3732.922362532202
41559,23:05:18,false,10,35000.0,2.2222222222222223,0,package375,true,1,838.5,23:00:32,23:05:18,4.766666666666667,-71.079323,42.368529999999886,-71.08505004851979,42.369762975977544,561.2053129509519
41610,23:07:00,false,10,35000.0,2.2222222222222223,0,package374,true,1,844.4333333333333,23:05:28,23:07:00,1.5333333333333334,-71.08209699999999,42.36439299999987,-71.081379,42.364368999999876,178.67703070934476
41674,23:09:08,false,10,35000.0,2.2222222222222223,0,package372,true,1,833.0,22:51:02,23:09:08,18.1,-71.08810500000001,42.37226699999988,-71.10783667210293,42.36328109567028,1964.1191680523473
41804,23:13:28,false,10,35000.0,2.2222222222222223,0,package376,true,1,843.2666666666667,23:05:18,23:13:28,8.166666666666666,-71.08209699999999,42.36439299999987,-71.0829299274303,42.37155974874347,891.312390837545
41814,23:13:48,false,10,35000.0,2.2222222222222223,0,package378,true,1,847.1666666666666,23:10:12,23:13:48,3.6,-71.12020600000001,42.37180699999989,-71.117438,42.371218999999876,314.62908173839986
41830,23:14:20,false,10,35000.0,2.2222222222222223,0,package369,true,1,826.3666666666667,22:43:24,23:14:20,30.933333333333334,-71.08259,42.36490999999987,-71.12193672715517,42.37838719098506,3635.4016467270776
41976,23:19:12,false,10,35000.0,2.2222222222222223,0,package379,true,1,847.4333333333333,23:11:28,23:19:12,7.733333333333333,-71.118227,42.390042999999885,-71.126699,42.39458799999988,907.0672615606909
41988,23:19:36,false,10,35000.0,2.2222222222222223,0,package377,true,1,848.0,23:11:02,23:19:36,8.566666666666666,-71.118227,42.390042999999885,-71.123538,42.38267299999988,969.6916529207462
42058,23:21:56,false,10,35000.0,2.2222222222222223,0,package381,true,1,849.3666666666667,23:14:24,23:21:56,7.533333333333333,-71.09047,42.36164899999987,-71.0972348392272,42.364949877456915,680.0228784720674
42093,23:23:06,false,10,35000.0,2.2222222222222223,0,package367,true,1,840.3333333333334,22:56:22,23:23:06,26.733333333333334,-71.08259,42.36490999999987,-71.117438,42.371218999999876,3024.794387859119
42354,23:31:48,false,10,35000.0,2.2222222222222223,0,package384,true,1,852.8666666666667,23:19:54,23:31:48,11.9,-71.11983000000001,42.38448799999988,-71.13476163750175,42.38235910336064,1274.9408429843932
42611,23:40:22,false,10,35000.0,2.2222222222222223,0,package380,true,1,863.6666666666666,23:27:42,23:40:22,12.666666666666666,-71.131438,42.382481999999875,-71.12576030021019,42.39235603334185,1238.6962913161237
42685,23:42:50,false,10,35000.0,2.2222222222222223,0,package382,true,1,867.9333333333333,23:33:58,23:42:50,8.866666666666667,-71.11872199999999,42.37307599999987,-71.10806726300076,42.373486178118036,939.8780038569706
42786,23:46:12,false,10,35000.0,2.2222222222222223,0,package385,true,1,866.2333333333333,23:34:16,23:46:12,11.933333333333334,-71.112078,42.36941099999988,-71.122415,42.37792999999987,1388.215998699091
42809,23:46:58,false,10,35000.0,2.2222222222222223,0,package390,true,1,860.5666666666667,23:31:36,23:46:58,15.366666666666667,-71.120642,42.373492999999876,-71.099375,42.37274599999985,1784.7735791103516
42864,23:48:48,false,10,35000.0,2.2222222222222223,0,package386,true,1,862.5333333333333,23:30:34,23:48:48,18.233333333333334,-71.094985,42.37338699999987,-71.108007,42.35640899999989,2262.8950257985794
43082,23:56:04,false,10,35000.0,2.2222222222222223,0,package383,true,1,867.1333333333333,23:34:10,23:56:04,21.9,-71.074439,42.367182999999876,-71.103592,42.365694999999874,2488.695940208888
43193,23:59:46,false,10,35000.0,2.2222222222222223,0,package395,true,1,879.9,23:54:56,23:59:46,4.833333333333333,-71.10085699999999,42.36402499999988,-71.09784300000001,42.36794699999987,525.1179635075341
